accuracy,f1_score,kappa,MCC,balanced_accuracy
0.7307590996168583,0.524964067869557,0.5207209655651677,0.5279294485430954,0.5629924323405506
