,accuracy,f1_score,kappa,MCC,balanced_accuracy
Logistic Regression,0.4140551724137931,0.23839216608074448,0.13915211467167443,0.1558024394018761,0.2834322483663992
Random Forest,0.6578913793103448,0.41995998571818205,0.3897598788541573,0.39451391691451504,0.4483232257692299
XGBoost,0.5590094827586207,0.3346055882530849,0.26960621658214257,0.2789609400507357,0.3923477333902234
LightGBM,0.5750853448275862,0.3354151063915363,0.28139419786602926,0.289376306750862,0.38680838345923674
CatBoost,0.5133336206896552,0.30129881908504796,0.23208811969095988,0.24505606489355067,0.369731735756285
MLP,0.3326594827586207,0.2026569582107065,0.09732904802635944,0.11624640771940557,0.27537833466679495
KNN,0.43585689655172416,0.2669055978683446,0.1568641544479864,0.1714048014045616,0.3113548662910833
