,accuracy,f1_score,kappa,MCC,balanced_accuracy
Logistic Regression,0.3822104200875753,0.21028325264679643,0.10146194270031095,0.11360527899843374,0.26124281493014057
Random Forest,0.6988924808429119,0.48474298077700295,0.46871092056094066,0.4758312315482345,0.5248204292700768
XGBoost,0.647816605090312,0.40851650954723046,0.3846454217947002,0.39212524517273983,0.4552888513818738
LightGBM,0.6299970922276956,0.38212312556644484,0.3505102896315849,0.3566317016926242,0.43229711332805076
CatBoost,0.6732348111658456,0.43932915784523335,0.42373397819042713,0.4309753038255672,0.4825106731806684
MLP,0.632390873015873,0.4029082124405371,0.3673292762318756,0.37990336074204284,0.4472800877723234
KNN,0.5361436097427477,0.32585932923443606,0.24890407531246717,0.26021559621442525,0.3690640071214644
