accuracy,f1_score,kappa,MCC,balanced_accuracy
0.6538151683087028,0.410604996248741,0.39007749093762656,0.3967500053033056,0.4577516330125797
